-- Data Migration Script
BEGIN;

-- Families
INSERT INTO families (id, name, "inviteCode", created_at) VALUES ('25b38207-d573-468a-8a61-fb30418171b0', 'GuLa', 'BXSZKM', '2025-11-29 20:43:28') ON CONFLICT (id) DO NOTHING;

-- Users
INSERT INTO users (id, name, email, password, "familyId", created_at) VALUES ('13175a15-0443-42c0-a669-3e292c1b3667', 'Gustavo Roque', 'gustavorrt@gmail.com', '$2a$08$SJklXl7Q.CKDKH319iqbnes9bdJlKKjvX8Lwl3xKCZl/nCIplcfx6', '25b38207-d573-468a-8a61-fb30418171b0', '2025-11-29 17:34:00') ON CONFLICT (id) DO NOTHING;
INSERT INTO users (id, name, email, password, "familyId", created_at) VALUES ('c7e37af8-1aea-47c5-8b72-a31278c99556', 'Larissa Mendes', 'mmendeslara@gmail.com', '$2a$08$amUHCABNE4xqCGHucwmkwewhCOVnJ9ML.tJPVuMCcjRnHGjwmvLZ.', '25b38207-d573-468a-8a61-fb30418171b0', '2025-11-29 20:44:13') ON CONFLICT (id) DO NOTHING;

-- Cards
INSERT INTO cards (id, "userId", type, name, "closingDay", "dueDay", color) VALUES ('a1753955-9929-4220-ae9f-37fa6e7f9f1c', '13175a15-0443-42c0-a669-3e292c1b3667', 'Visa', 'BB (nosso)', 18, 27, '#000000') ON CONFLICT (id) DO NOTHING;
INSERT INTO cards (id, "userId", type, name, "closingDay", "dueDay", color) VALUES ('9ecb1dfe-6cc1-4551-8a11-ba085aa1816a', '13175a15-0443-42c0-a669-3e292c1b3667', 'credit', 'Bira', 1, 7, '#e1230e') ON CONFLICT (id) DO NOTHING;

-- Expenses
INSERT INTO expenses (id, "userId", description, location, amount, installments, date, card, "cardId", purchaser, category, "isRecurring", observation) VALUES ('d5dded57-6536-4df9-945b-7d9f5192c701', '13175a15-0443-42c0-a669-3e292c1b3667', 'Ingressos Beach Park - Beach Park', 'Beach Park', 676, 10, '2025-11-27', 'Visa', 'a1753955-9929-4220-ae9f-37fa6e7f9f1c', 'Gustavo', 'Viagens(Parque) ', FALSE, NULL) ON CONFLICT (id) DO NOTHING;
INSERT INTO expenses (id, "userId", description, location, amount, installments, date, card, "cardId", purchaser, category, "isRecurring", observation) VALUES ('45f6f005-4b6c-4d93-aa3d-3cddc750dd54', '13175a15-0443-42c0-a669-3e292c1b3667', 'Chocolate - Lojas Americanas', 'Lojas Americanas', 111.73, 2, '2025-11-26', 'Visa', 'a1753955-9929-4220-ae9f-37fa6e7f9f1c', 'Larissa', 'Geral', FALSE, NULL) ON CONFLICT (id) DO NOTHING;
INSERT INTO expenses (id, "userId", description, location, amount, installments, date, card, "cardId", purchaser, category, "isRecurring", observation) VALUES ('c3e10d68-a621-4b1d-94f6-99af396797a2', '13175a15-0443-42c0-a669-3e292c1b3667', 'Supermercado - Bemmais', 'Bemmais', 45.21, 1, '2025-11-19', 'Visa', 'a1753955-9929-4220-ae9f-37fa6e7f9f1c', 'Larissa', 'Feira', FALSE, NULL) ON CONFLICT (id) DO NOTHING;
INSERT INTO expenses (id, "userId", description, location, amount, installments, date, card, "cardId", purchaser, category, "isRecurring", observation) VALUES ('d9dea373-ee89-4656-a453-e2a5a89c237f', '13175a15-0443-42c0-a669-3e292c1b3667', 'Cursor AI - Cursor AI', 'Cursor AI', 112.21, 1, '2025-11-25', 'Visa', 'a1753955-9929-4220-ae9f-37fa6e7f9f1c', 'Gustavo', 'Assinatura AI', FALSE, NULL) ON CONFLICT (id) DO NOTHING;
INSERT INTO expenses (id, "userId", description, location, amount, installments, date, card, "cardId", purchaser, category, "isRecurring", observation) VALUES ('af575af2-d1d5-4ce5-9e7d-6c01321ce81f', '13175a15-0443-42c0-a669-3e292c1b3667', 'IoF - IoF', 'IoF', 3.92, 1, '2025-11-25', 'Visa', 'a1753955-9929-4220-ae9f-37fa6e7f9f1c', 'Gustavo', 'Imposto - Taxa', FALSE, NULL) ON CONFLICT (id) DO NOTHING;
INSERT INTO expenses (id, "userId", description, location, amount, installments, date, card, "cardId", purchaser, category, "isRecurring", observation) VALUES ('6be5b29f-a479-4b3d-8872-d8ae017aa269', '13175a15-0443-42c0-a669-3e292c1b3667', 'Xbox Cloud - Microsoft', 'Microsoft', 69.9, 1, '2025-11-27', 'Visa', 'a1753955-9929-4220-ae9f-37fa6e7f9f1c', 'Gustavo', 'Assinatura  Nuvem Games', FALSE, NULL) ON CONFLICT (id) DO NOTHING;
INSERT INTO expenses (id, "userId", description, location, amount, installments, date, card, "cardId", purchaser, category, "isRecurring", observation) VALUES ('33c1dc02-85d5-4a7a-b9a7-3b1dc3290c64', '13175a15-0443-42c0-a669-3e292c1b3667', 'Coisas para casa - Casa Tudo Patos', 'Casa Tudo Patos', 99.9, 5, '2025-07-25', 'Visa', 'a1753955-9929-4220-ae9f-37fa6e7f9f1c', 'Larissa', 'Compras diversas', FALSE, NULL) ON CONFLICT (id) DO NOTHING;
INSERT INTO expenses (id, "userId", description, location, amount, installments, date, card, "cardId", purchaser, category, "isRecurring", observation) VALUES ('9f997ac7-8d59-4425-9133-30a9914b648e', '13175a15-0443-42c0-a669-3e292c1b3667', 'Serviço do Ar Condicionado - Quarto - Kledilson', 'Kledilson', 601.62, 10, '2025-08-22', 'Visa', 'a1753955-9929-4220-ae9f-37fa6e7f9f1c', 'Gustavo', 'Serviços', FALSE, NULL) ON CONFLICT (id) DO NOTHING;
INSERT INTO expenses (id, "userId", description, location, amount, installments, date, card, "cardId", purchaser, category, "isRecurring", observation) VALUES ('284c2ef0-73b9-46ea-9c96-fa8b528ff81b', '13175a15-0443-42c0-a669-3e292c1b3667', 'Gasolina - ida pra Malta - Posto Opção', 'Posto Opção', 255.17, 4, '2025-08-23', 'Visa', 'a1753955-9929-4220-ae9f-37fa6e7f9f1c', 'Gustavo', 'Combustível', FALSE, NULL) ON CONFLICT (id) DO NOTHING;
INSERT INTO expenses (id, "userId", description, location, amount, installments, date, card, "cardId", purchaser, category, "isRecurring", observation) VALUES ('d710a2ad-766f-47ec-9332-1778a288eb1d', '13175a15-0443-42c0-a669-3e292c1b3667', 'Supermercado - Bemmais', 'Bemmais', 189.99, 3, '2025-09-20', 'Visa', 'a1753955-9929-4220-ae9f-37fa6e7f9f1c', 'Larissa', 'Feira', FALSE, NULL) ON CONFLICT (id) DO NOTHING;
INSERT INTO expenses (id, "userId", description, location, amount, installments, date, card, "cardId", purchaser, category, "isRecurring", observation) VALUES ('f9a48578-da1f-4b96-ac25-8cf939f71aaf', '13175a15-0443-42c0-a669-3e292c1b3667', 'Talitaferreirade', '', 1224, 10, '2025-02-14', 'Bira', '9ecb1dfe-6cc1-4551-8a11-ba085aa1816a', 'Gustavo', 'Geral', FALSE, '') ON CONFLICT (id) DO NOTHING;
INSERT INTO expenses (id, "userId", description, location, amount, installments, date, card, "cardId", purchaser, category, "isRecurring", observation) VALUES ('7ab96afc-ee6a-42bc-a3bf-59bfb0fd03af', '13175a15-0443-42c0-a669-3e292c1b3667', 'Mercado Livre', 'Mercado Livre', 333.1, 10, '2025-03-10', 'Bira', '9ecb1dfe-6cc1-4551-8a11-ba085aa1816a', 'Gustavo', 'Geral', FALSE, '') ON CONFLICT (id) DO NOTHING;
INSERT INTO expenses (id, "userId", description, location, amount, installments, date, card, "cardId", purchaser, category, "isRecurring", observation) VALUES ('531faddf-0bdd-48c4-ac1f-f84f4f029851', '13175a15-0443-42c0-a669-3e292c1b3667', 'Mercado Livre', 'Mercado Livre', 533.5, 10, '2025-03-11', 'Bira', '9ecb1dfe-6cc1-4551-8a11-ba085aa1816a', 'Gustavo', 'Geral', FALSE, '') ON CONFLICT (id) DO NOTHING;
INSERT INTO expenses (id, "userId", description, location, amount, installments, date, card, "cardId", purchaser, category, "isRecurring", observation) VALUES ('426361f8-5a13-4784-9649-0b5bf6cafd47', '13175a15-0443-42c0-a669-3e292c1b3667', 'Casa Tudo', 'Casa Tudo', 149.9, 10, '2025-05-18', 'Bira', '9ecb1dfe-6cc1-4551-8a11-ba085aa1816a', 'Gustavo', 'Geral', FALSE, '') ON CONFLICT (id) DO NOTHING;
INSERT INTO expenses (id, "userId", description, location, amount, installments, date, card, "cardId", purchaser, category, "isRecurring", observation) VALUES ('4eb19a0d-0c1d-4978-b422-6d0e903309a0', '13175a15-0443-42c0-a669-3e292c1b3667', 'Banco Alemão', 'ZP *traço Forma', 942.2, 10, '2025-05-19', 'Bira', '9ecb1dfe-6cc1-4551-8a11-ba085aa1816a', 'Gustavo', 'Geral', FALSE, '') ON CONFLICT (id) DO NOTHING;
INSERT INTO expenses (id, "userId", description, location, amount, installments, date, card, "cardId", purchaser, category, "isRecurring", observation) VALUES ('2fc2a4a6-1ab5-4ef2-b6c0-f2c5640a9fb1', '13175a15-0443-42c0-a669-3e292c1b3667', 'Caixa JBL Karaokê', 'Andersongomes', 2187, 12, '2025-05-22', 'Bira', '9ecb1dfe-6cc1-4551-8a11-ba085aa1816a', 'Gustavo', 'Geral', FALSE, '') ON CONFLICT (id) DO NOTHING;
INSERT INTO expenses (id, "userId", description, location, amount, installments, date, card, "cardId", purchaser, category, "isRecurring", observation) VALUES ('07111c71-8087-40ba-945c-a6753718ea5b', '13175a15-0443-42c0-a669-3e292c1b3667', 'Ar Condicionado ', 'Classe A Climatização ', 2050, 10, '2025-08-22', 'Bira', '9ecb1dfe-6cc1-4551-8a11-ba085aa1816a', 'Compartilhado', 'Geral', FALSE, '') ON CONFLICT (id) DO NOTHING;

COMMIT;
